asset_id,claim_axis,final_score,source_url_1,source_url_2,audit_note
A01,K2,2,https://english.scio.gov.cn/chinavoices/2025-05/22/content_117889178.html,https://www.cnoocltd.com/english/presscenter/pressreleases/2023/202409/t20240925_96697.html,Observed injected mass with explicit operating period.
A01,K3,1,https://www.mdpi.com/2077-1312/13/7/1247,https://english.scio.gov.cn/chinavoices/2025-05/22/content_117889178.html,Monitoring/model descriptions located; no qualifying observed quantitative comparison with uncertainty/sensitivity.
A01,K4,1,https://www.cnoocltd.com/english/presscenter/pressreleases/2023/202409/t20240925_96697.html,https://en.sasac.gov.cn/2025/03/31/c_19069.htm,Monitoring system described; no qualifying pathway-specific observed quantitative containment result.
A02,K2,1,https://www.epa.gov/ghgreporting/eastern-wyoming-sequestration-hub,https://www.businesswire.com/news/home/20220120005688/en/Tallgrass-to-Develop-a-Commercial-Scale-CO2-Sequestration-Hub-in-Wyoming,Design/permitted capacity located; no qualifying actual injected/stored mass by cutoff.
A02,K3,1,https://www.epa.gov/ghgreporting/eastern-wyoming-sequestration-hub,https://www.wyomingcarbonblueprint.com/home/resources-2/,Site characterization/monitoring plans public; no qualifying post-injection observed comparison.
A02,K4,1,https://www.epa.gov/ghgreporting/eastern-wyoming-sequestration-hub,https://www.businesswire.com/news/home/20220120005688/en/Tallgrass-to-Develop-a-Commercial-Scale-CO2-Sequestration-Hub-in-Wyoming,Containment strategy public; no qualifying observed pathway result.
A03,K2,2,https://www.wa.gov.au/organisation/department-of-mines-petroleum-and-exploration/gorgon-carbon-dioxide-injection-project,https://australia.chevron.com/news/2024/mark-hatfield-keynote-address-at-asia-pacific-oil-and-gas-conference-and-exhibition,Actual cumulative injection reported.
A03,K3,2,https://connectsci.au/ep/article/63/2/S386/77515/Integration-of-the-comprehensive-Gorgon-CO2,https://australia.chevron.com/-/media/australia/our-businesses/documents/carbon-dioxide-injection-peer-review-report--condition-273-4.pdf,"Observed pressure, InSAR and repeated seismic response compared quantitatively with history-matched models; resolution/noise discussed."
A03,K4,2,https://connectsci.au/ep/article/63/2/S386/77515/Integration-of-the-comprehensive-Gorgon-CO2,https://australia.chevron.com/-/media/australia/our-businesses/documents/carbon-dioxide-injection-peer-review-report--condition-273-4.pdf,Repeated seismic imaging and distributed-temperature observations quantitatively address interval/pathway behaviour.
A04,K2,2,https://ghgdata.epa.gov/ghgp/html/2023.do?et=undefined&id=1005661,https://www.epa.gov/system/files/documents/2023-09/2022_Archer_Daniels_Midland_Co_MRV_Report.pdf,Annual and cumulative injection/sequestration accounting reported.
A04,K3,1,https://www.epa.gov/system/files/documents/2023-09/2022_Archer_Daniels_Midland_Co_MRV_Report.pdf,https://www.osti.gov/biblio/2315702,Monitoring/model-update activities described; no qualifying numerical observed-versus-forecast result with attached uncertainty.
A04,K4,2,https://www.epa.gov/system/files/documents/2023-09/2022_Archer_Daniels_Midland_Co_MRV_Report.pdf,https://ghgdata.epa.gov/ghgp/html/2023.do?et=undefined&id=1005661,Mandatory report quantifies subsurface CO2 migration into verification well with Bernoulli/Monte Carlo uncertainty.
A05,K2,1,https://www.aer.ca/data-and-performance-reports/reports/carbon-sequestration-project-reports,https://majorprojects.alberta.ca/details/Meadowbrook-Carbon-Storage-Project/12022,Licensed/nameplate scale located; no qualifying actual mass by cutoff.
A05,K3,1,https://www.aer.ca/data-and-performance-reports/reports/carbon-sequestration-project-reports,https://bisonlowcarbon.ca/project,MMV/site-characterization narrative public; no qualifying observed quantitative comparison.
A05,K4,1,https://bisonlowcarbon.ca/project,https://www.aer.ca/data-and-performance-reports/reports/carbon-sequestration-project-reports,Containment case/planned monitoring described; no qualifying observed pathway-specific quantitative result.
A06,K2,2,https://www.dmr.nd.gov/dmr/sites/default/files/documents/Oil-and-Gas/ClassVI/CO2Reporting/WebsiteCO2VolumeReportingBlueFlint.pdf,https://www.epa.gov/system/files/documents/2024-10/2023_blue_flint_sequester_company_llc_mrv_report.pdf,Observed injection volumes and cumulative mass reported.
A06,K3,1,https://www.epa.gov/system/files/documents/2024-10/2023_blue_flint_sequester_company_llc_mrv_report.pdf,https://www.dmr.nd.gov/dmr/sites/default/files/documents/Oil-and-Gas/ClassVI/CO2Reporting/WebsiteCO2VolumeReportingBlueFlint.pdf,"Narrative consistency with expectations, but no qualifying numerical comparison with attached uncertainty."
A06,K4,1,https://www.epa.gov/system/files/documents/2024-10/2023_blue_flint_sequester_company_llc_mrv_report.pdf,https://www.dmr.nd.gov/dmr/sites/default/files/documents/Oil-and-Gas/ClassVI/CO2Reporting/WebsiteCO2VolumeReportingBlueFlint.pdf,"No detected subsurface leakage reported, but no geological-pathway result with quantitative detection sensitivity."
A07,K2,2,https://norlights.com/wp-content/uploads/2026/04/Northern-Lights-Annual-Report-2025.pdf,https://norlights.com/news/northern-lights-jv-has-successfully-stored-first-co%E2%82%82/,First stored mass reported for calendar year 2025.
A07,K3,1,https://norlights.com/wp-content/uploads/2026/04/Northern-Lights-Annual-Report-2025.pdf,https://co2datashare.org/dataset?organization=northern-lights&project_type=Commercial,Performance described as expected; no qualifying observed quantitative baseline/model comparison with uncertainty.
A07,K4,1,https://norlights.com/wp-content/uploads/2026/04/Northern-Lights-Annual-Report-2025.pdf,https://www.regjeringen.no/en/documents/meld.-st.-33-20192020/id2765361/?ch=5,Safe storage described; no qualifying observed pathway-specific quantitative containment result by cutoff.
A08,K2,2,https://open.alberta.ca/publications/quest-carbon-capture-and-storage-project-annual-report-2023,https://www.shell.ca/en_ca/about-us/projects-and-sites/quest-carbon-capture-and-storage-project.html,Observed annual injection total reported.
A08,K3,2,https://www.sciencedirect.com/science/article/abs/pii/S1750583622000834,https://csegrecorder.com/articles/view/using-a-walk-away-das-time-lapse-vsp-for-co2-sub-plume-monitoring,"Time-lapse borehole seismic observations quantify plume dimensions, model consistency and sensitivity."
A08,K4,2,https://www.sciencedirect.com/science/article/abs/pii/S1750583622000834,https://csegrecorder.com/articles/view/using-a-walk-away-das-time-lapse-vsp-for-co2-sub-plume-monitoring,No time-lapse signal outside storage reservoir; method resolution/sensitivity quantified.
A09,K2,2,https://www.dmr.nd.gov/dmr/sites/default/files/documents/Oil-and-Gas/ClassVI/CO2Reporting/WebsiteCO2VolumeReportingRedTrail.pdf,https://undeerc.org/research/projects/richardtonccs.html,Observed injection volumes and cumulative stored mass reported.
A09,K3,1,https://undeerc.org/research/projects/richardtonccs.html,https://gevonorthdakota.gevo.com/fccp-about-20585,Monitoring/operational performance described; no qualifying observed quantitative comparison with uncertainty.
A09,K4,1,https://undeerc.org/research/projects/richardtonccs.html,https://gevonorthdakota.gevo.com/fccp-about-20585,Containment controls described; no qualifying observed geological-pathway result with sensitivity.
A10,K2,2,https://www.energymining.sa.gov.au/__data/assets/pdf_file/0004/1167385/Moomba-CCS-project-Strzelecki-and-Marabooka-Monitoring-and-Verification-Activities-Report-31-January-2025.pdf,https://www.energymining.sa.gov.au/__data/assets/pdf_file/0020/1192223/250930_Moomba-CCS-M-and-V-Interim-Report.pdf,Observed monthly/cumulative injection with stated metering uncertainty.
A10,K3,2,https://www.energymining.sa.gov.au/__data/assets/pdf_file/0020/1192223/250930_Moomba-CCS-M-and-V-Interim-Report.pdf,https://www.energymining.sa.gov.au/__data/assets/pdf_file/0004/1167385/Moomba-CCS-project-Strzelecki-and-Marabooka-Monitoring-and-Verification-Activities-Report-31-January-2025.pdf,"Observed pressure, injectivity and seismic response compared with expectations; thresholds documented."
A10,K4,2,https://www.energymining.sa.gov.au/__data/assets/pdf_file/0020/1192223/250930_Moomba-CCS-M-and-V-Interim-Report.pdf,https://www.energymining.sa.gov.au/__data/assets/pdf_file/0004/1167385/Moomba-CCS-project-Strzelecki-and-Marabooka-Monitoring-and-Verification-Activities-Report-31-January-2025.pdf,Reports test containment/induced-seismicity pathways; observed events located below storage and thresholds stated.
A11,K2,3,https://factpages.sodir.no/en/storage/tableview/injection,https://www.equinor.com/news/archive/2019-06-12-sleipner-co2-storage-data,Official well/month/year injection records are exportable for reanalysis.
A11,K3,3,https://co2datashare.org/dataset/sleipner-4d-seismic-dataset,https://co2datashare.org/dataset/sleipner-2019-benchmark-model,Open repeated seismic surveys and benchmark model support independent reanalysis.
A11,K4,3,https://nora.nerc.ac.uk/id/eprint/509240/,https://co2datashare.org/dataset/sleipner-4d-seismic-dataset,Open seismic data plus quantitative leakage-detectability analysis support reanalysis of containment claims.
A12,K2,2,https://www.sodir.no/en/whats-new/publications/co2-atlases/co2-atlas-for-the-norwegian-continental-shelf/6-the-barents-sea/6.2-storage-options-of-the-barents-sea/6.2.1-saline-aquifers/storage-capacity-snohvit-area/,https://www.equinor.com/news/archive/2008/04/23/CarbonStorageStartedOnSnhvit,Observed injection by storage interval with explicit operating period.
A12,K3,2,https://www.sciencedirect.com/science/article/pii/S1876610213004578,https://www.sodir.no/en/whats-new/publications/co2-atlases/co2-atlas-for-the-norwegian-continental-shelf/6-the-barents-sea/6.2-storage-options-of-the-barents-sea/6.2.1-saline-aquifers/storage-capacity-snohvit-area/,Pressure/history matching and repeated seismic response quantitatively compared; model uncertainty represented.
A12,K4,1,https://www.sodir.no/en/whats-new/publications/co2-atlases/co2-atlas-for-the-norwegian-continental-shelf/6-the-barents-sea/6.2-storage-options-of-the-barents-sea/6.2.1-saline-aquifers/storage-capacity-snohvit-area/,https://www.sciencedirect.com/science/article/pii/S1876610213004578,Pressure-risk management/preventive intervention documented; no qualifying observed pathway-specific result under adjudicated rule.
A13,K2,2,https://www.carbfix.com/carbfix2,https://cordis.europa.eu/project/id/283148/reporting,Ongoing industrial-scale injection amount reported.
A13,K3,3,https://www.nature.com/articles/s41467-019-10003-8,https://cordis.europa.eu/project/id/283148/reporting,Open tracer/geochemical observations and methods allow reanalysis of mineralization response with uncertainty.
A13,K4,3,https://www.nature.com/articles/s41467-019-10003-8,https://cordis.europa.eu/project/id/283148/reporting,Tracer/geochemical data quantitatively constrain mineral trapping and residual mobile carbon with public methods/data.
A14,K2,2,https://ghgdata.epa.gov/ghgp/html/2023.do?et=undefined&id=1013609,https://www.epa.gov/ghgreporting/campo-viejo-gas-processing-plant,Actual annual and cumulative sequestration accounting reported.
A14,K3,1,https://www.epa.gov/ghgreporting/campo-viejo-gas-processing-plant,https://www.beg.utexas.edu/texnet-cisr,Pressure/well/seismic surveillance described; no qualifying observed quantitative model comparison with uncertainty.
A14,K4,1,https://www.epa.gov/ghgreporting/campo-viejo-gas-processing-plant,https://www.stakeholdermidstream.com/news/stakeholder-midstream-receives-milestone-mrv-plan-approval-epa-carbon-capture-and,"No relevant leak/event reported, but no pathway-specific quantitative containment result with explicit detection sensitivity."
A15,K2,2,https://www.businesswire.com/news/home/20240618953332/en/ADDING-MULTIMEDIA-Pion-Midstream-Secures-MRV-Approval-from-the-EPA-for-Carbon-Capture-and-Sequestration-Operations-at-its-Dark-Horse-Treating-Facility,https://www.epa.gov/ghgreporting/dark-horse-treating-plant,Formal operator disclosure reports observed annual/cumulative CO2 mass and period; E1 retained only as conservative ambiguity bound.
A15,K3,1,https://wwwapps.emnrd.nm.gov/OCD/OCDPermitting/SupportingDocuments/APP/APP_339622_1006631.pdf,https://www.epa.gov/ghgreporting/dark-horse-treating-plant,"Observed pressure gradient reported, but no uncertainty/sensitivity for comparison."
A15,K4,1,https://www.epa.gov/ghgreporting/dark-horse-treating-plant,https://wwwapps.emnrd.nm.gov/OCD/OCDPermitting/SupportingDocuments/APP/APP_339622_1006631.pdf,Well integrity/surveillance documented; no qualifying observed geological-pathway result with quantitative LOD/uncertainty.
